vix_regime,return
low,1.1938397171833137
medium,0.5582664254583383
high,-0.4433109400321873
