year,return
2020,0.19643204702731976
2021,0.1880505907550929
2022,-0.1787068120098303
2023,0.20821650193836683
2024,0.12662200218531972
2025,0.1905264984806343
2026,0.0059491877925172965
